Marca,Categoría Principal,Subcategoría,Familia,Modelo,Aplicaciones y Sectores,IMAGEN
Fotric,Cámaras Acústicas,Cámara de Imágenes Acústicas,Serie TD2 Geek,TD2 Geek,"Detección práctica de fugas de aire comprimido, gases industriales y localización preliminar de descargas parciales.",
Fotric,Cámaras Acústicas,Cámara de Imágenes Acústicas,Serie TD2 Sense,TD2 Sense,"Detección práctica de fugas de aire comprimido, gases industriales y localización preliminar de descargas parciales.",
Fotric,Cámaras Acústicas,Cámara de Imágenes Acústicas,Serie TD,TD2e,"Detección práctica de fugas de aire comprimido, gases industriales y localización preliminar de descargas parciales.",
Fotric,Cámaras Acústicas,Cámara de Imágenes Acústicas,Serie H,H4mini,"Localización de precisión y cuantificación de fugas de aire/gas, mapeo de ruido acústico industrial.",
Fotric,Cámaras Acústicas,Cámara de Imágenes Acústicas,Serie H,H4,"Localización de precisión y cuantificación de fugas de aire/gas, mapeo de ruido acústico industrial.",
Fotric,Cámaras Acústicas,Cámara de Imágenes Acústicas,Serie H,H6,"Auditorías energéticas avanzadas, estimación de costos monetarios por fugas y diagnóstico de descargas parciales en alta tensión.",
Fotric,Cámaras Acústicas,Cámara de Imágenes Acústicas,Serie H,H6+,"Auditorías energéticas avanzadas, estimación de costos monetarios por fugas y diagnóstico de descargas parciales en alta tensión.",
Fotric,Cámaras Acústicas,Cámara de Imágenes Acústicas,Serie H,H7,"Auditorías energéticas de máxima precisión, cuantificación financiera de pérdidas y descargas parciales en subestaciones.",
Fotric,Cámaras Acústicas,Cámara de Imágenes Acústicas,Serie H-Flex,H-Flex,Monitoreo y diagnóstico en zonas de acceso complejo o estrecho.,
