Marca,Categoría Principal,Subcategoría,Familia,Modelo,Resolución IR,Modo Enfoque,Rango de Medición,"Sensibilidad Térmica
(NETD)",Campo de Visión,Intercambio de Lentes,Cámara Digital Integrada ,Pantalla,Clasificación de la Carcasa,Temperatura de funcionamiento,Aplicaciones y Sectores,Alcance,IMAGEN
Fotric,Cámaras Termográficas,Portátiles y de Uso Ligero,Serie TF,TF3,240x320,Focus-free,-20~450°C,<30mK,38°x50°,Lente Fijo,2 MP,"3.2"" LCD",IP54,-10~50°C,"Mantenimiento preventivo básico, HVAC, tableros eléctricos residenciales/comerciales e inspección rápida en campo.",Servicio Técnico y Domicilio,
Fotric,Cámaras Termográficas,Portátiles y de Uso Ligero,Serie C,C2,160x120,Manual,-20~550°C,<50mK,46°x35°,Lente Fijo,8 MP,"3.5"" Touch",IP54,-20~50°C,"Inspección eléctrica y mecánica liviana, auditorías energéticas, climatización y fontanería.",Servicio Técnico y Domicilio,
Fotric,Cámaras Termográficas,Portátiles y de Uso Ligero,Serie C,C5,384x288,Focus-free & Manual,-20~650°C,<40mK,49°x37°,Lente Fijo,8 MP,"3.5"" Touch",IP54,-20~50°C,"Inspección eléctrica y mecánica liviana, auditorías energéticas, climatización y fontanería.",Servicio Técnico y Domicilio,
Fotric,Cámaras Termográficas,Portátiles y de Uso Ligero,Serie TP,TP320A,320x240,Focus-free,-20~550°C,<35mK,60°x45°,Lente Fijo,N/A (Smartphone),Pantalla Smartphone,IP40,-10~50°C,"Inspecciones de alto rendimiento en plantas de proceso, minería, subestaciones y líneas de producción continuas.",Servicio Técnico y Domicilio,
Fotric,Cámaras Termográficas,Mantenimiento Industrial General,Serie TK,TK5,320x240,Focus-free,-20~550°C,<40mK,49°x37°,Lente Fijo,8 MP,"3.5"" Touch",IP54,-20~50°C,"Inspecciones de alto rendimiento en plantas de proceso, minería, subestaciones y líneas de producción continuas.",Plantas y Talleres,
Fotric,Cámaras Termográficas,Mantenimiento Industrial General,Serie TK,TK6,384x288,Manual,-20~550°C,<40mK,25°x19°,Lente Fijo,8 MP,"3.5"" Touch",IP54,-20~50°C,"Inspecciones de alto rendimiento en plantas de proceso, minería, subestaciones y líneas de producción continuas.",Plantas y Talleres,
Fotric,Cámaras Termográficas,Mantenimiento Industrial General,Serie TK,TK7,384x288,Focus-free,-20~550°C,<40mK,49°x37°,Lente Fijo,8 MP,"3.5"" Touch",IP54,-20~50°C,"Inspecciones de alto rendimiento en plantas de proceso, minería, subestaciones y líneas de producción continuas.",Plantas y Talleres,
Fotric,Cámaras Termográficas,Mantenimiento Industrial General,Serie TK,TK8,384x288,Manual,-20~550°C,<40mK,25°x19°,Lente Fijo,8 MP,"3.5"" Touch",IP54,-20~50°C,"Auditorías móviles en ruta, técnicos de servicio de campo y diagnóstico rápido con reporte instantáneo.",Plantas y Talleres,
Fotric,Cámaras Termográficas,Mantenimiento Industrial General,Serie Ti,Ti3,160x120,TurboFocus®,-20~650°C,<50mK,25°x19°,Lente Intercambiable,8 MP,"5"" Touch",IP54,-20~50°C,"Mantenimiento predictivo industrial diario en motores, bombas, rodamientos y tableros de distribución.",Plantas y Talleres,
Fotric,Cámaras Termográficas,Mantenimiento Industrial General,Serie Ti,Ti4,320x240,TurboFocus®,-20~650°C,<40mK,44°x33°,Lente Intercambiable,8 MP,"5"" Touch",IP54,-20~50°C,"Mantenimiento predictivo industrial diario en motores, bombas, rodamientos y tableros de distribución.",Plantas y Talleres,
Fotric,Cámaras Termográficas,Mantenimiento Industrial General,Serie Ti,Ti5,384x288,TurboFocus®,-20~650°C,<40mK,25°x19°,Lente Intercambiable,8 MP,"5"" Touch",IP54,-20~50°C,"Mantenimiento predictivo industrial diario en motores, bombas, rodamientos y tableros de distribución.",Plantas y Talleres,
Fotric,Cámaras Termográficas,Mantenimiento Industrial General,Serie Ti,Ti7,640x480,TurboFocus®,-20~650°C,<30mK,25°x19°,Lente Intercambiable,8 MP,"5"" Touch",IP54,-20~50°C,"Mantenimiento predictivo industrial diario en motores, bombas, rodamientos y tableros de distribución.",Plantas y Talleres,
Fotric,Cámaras Termográficas,Industrial Avanzado y Alta Exigencia,Serie P,P5,384x288,TurboFocus®,-20~1550°C,<30mK,25°x19°,Lente Intercambiable,Dual 5MP/13MP,"5"" Touch",IP54,-20~50°C,"Industria pesada, inspección de refractarios, hornos, fundiciones, subestaciones de alta tensión y distancias largas.",Larga Distancia y Alta Temperatura,
Fotric,Cámaras Termográficas,Industrial Avanzado y Alta Exigencia,Serie P,P7,640x480,TurboFocus®,-20~2000°C,<30mK,25°x19°,Lente Intercambiable,Dual 5MP/13MP,"5"" Touch",IP54,-20~50°C,"Industria pesada, inspección de refractarios, hornos, fundiciones, subestaciones de alta tensión y distancias largas.",Larga Distancia y Alta Temperatura,
Fotric,Cámaras Termográficas,Industrial Avanzado y Alta Exigencia,Serie P,P9,1280x1024,TurboFocus®,-20~2000°C,<30mK,25°x20°,Lente Intercambiable,Dual 5MP/13MP,"5"" Touch",IP54,-20~50°C,"Industria pesada, inspección de refractarios, hornos, fundiciones, subestaciones de alta tensión y distancias largas.",Larga Distancia y Alta Temperatura,
Fotric,Cámaras Termográficas,Industrial Avanzado y Alta Exigencia,Serie V,V5,384x288,TurboFocus®,-20~1550°C,<30mK,25°x19°,Lente Intercambiable,13 MP,"5"" Touch",IP54,-20~50°C,"Inspecciones ergonómicas prolongadas, activos elevados u ocultos, subestaciones eléctricas y tableros en altura.",Larga Distancia y Alta Temperatura,
Fotric,Cámaras Termográficas,Industrial Avanzado y Alta Exigencia,Serie V,V7,640x480,TurboFocus®,-20~1550°C,<30mK,25°x19°,Lente Intercambiable,13 MP,"5"" Touch",IP54,-20~50°C,"Inspecciones ergonómicas prolongadas, activos elevados u ocultos, subestaciones eléctricas y tableros en altura.",Larga Distancia y Alta Temperatura,
Fotric,Cámaras Termográficas,Monitoreo Fijo,Serie 600,Fotric 628CH,640x480,Auto,-20~2000°C,<30mK,Según lente,Lente Intercambiable,N/A,N/A (IP/Ethernet),IP40,-20~50°C,"Monitoreo térmico continuo 24/7, automatización de procesos, prevención de incendios y subestaciones no atendidas.",Procesos 24/7,
Fotric,Cámaras Termográficas,Investigación y Desarrollo,Serie 220Pro,226 Pro,384x288,TurboFocus®,-20~650°C,<40mK,25°x19°,Lente Intercambiable,Dual 5MP/13MP,"5"" Touch",N/A,-20~50°C,"Laboratorios de I+D, pruebas de semiconductores y tarjetas electrónicas (PCB), desarrollo automotriz y ensayos de materiales.",I+D,
Fotric,Cámaras Termográficas,Investigación y Desarrollo,Serie 220Pro,228 Pro,640x480,TurboFocus®,-20~650°C,<30mK,25°x19°,Lente Intercambiable,Dual 5MP/13MP,"5"" Touch",N/A,-20~50°C,"Laboratorios de I+D, pruebas de semiconductores y tarjetas electrónicas (PCB), desarrollo automotriz y ensayos de materiales.",I+D,
Fotric,Cámaras Termográficas,Investigación y Desarrollo,Serie 220Pro,229 Pro,1280x1024,TurboFocus®,-20~650°C,<30mK,25°x19°,Lente Intercambiable,Dual 5MP/13MP,"5"" Touch",N/A,-20~50°C,"Laboratorios de I+D, pruebas de semiconductores y tarjetas electrónicas (PCB), desarrollo automotriz y ensayos de materiales.",I+D,
Fotric,Cámaras Termográficas,Investigación y Desarrollo,Serie 220Link,226 Enlace,384x288,Manual,-20~650°C,<50mK,30°x22°,Lente Intercambiable,N/A,N/A (PC/Ethernet),IP40,-20~50°C,"Laboratorios de I+D, pruebas de semiconductores y tarjetas electrónicas (PCB), desarrollo automotriz y ensayos de materiales.",I+D,
Fotric,Cámaras Termográficas,Investigación y Desarrollo,Serie 220Link,228 Enlace,640x480,Manual,-20~650°C,<30mK,25°x19°,Lente Intercambiable,N/A,N/A (PC/Ethernet),IP40,-20~50°C,"Laboratorios de I+D, pruebas de semiconductores y tarjetas electrónicas (PCB), desarrollo automotriz y ensayos de materiales.",I+D,
