CÁMARAS TERMOGRÁFICAS FOTRIC,
Propuesta de productos · Guía de lectura del documento,
,
¿QUÉ ENCONTRARÁ EN ESTE ARCHIVO?,
Hoja,Contenido
1. Guía,Esta hoja. Explica cómo está organizada la información y qué significa cada columna.
2. Catálogo,"Ficha completa de los 5 modelos: precio, especificaciones técnicas, usos recomendados, beneficios y enlace a la página oficial del fabricante."
3. Comparativa,Tabla rápida para comparar los 5 modelos lado a lado en las especificaciones que más influyen en la decisión de compra.
,
CÓMO LEER EL CATÁLOGO,
Columna,Qué le indica
Modelo,Nombre comercial del equipo tal como aparece en la página del fabricante.
Gama,"Posicionamiento del equipo: Entrada (uso puntual o móvil), Media (mantenimiento habitual) y Profesional/Premium (uso intensivo y mayor precisión)."
Precio (USD),"Precio de lista en dólares estadounidenses, sin impuestos, fletes ni aduanas. Las cámaras están ordenadas de menor a mayor precio."
Características técnicas,"Especificaciones del equipo. Las más relevantes: resolución IR (nitidez de la imagen térmica), sensibilidad térmica en mK (menor = detecta diferencias más pequeñas), FOV (ángulo de visión), rango de temperatura y grado de protección IP."
Aplicaciones / Uso recomendado,"Escenarios reales donde el equipo rinde mejor (instalaciones eléctricas, HVAC, edificios, industria, electrónica)."
Beneficios clave,"Ventajas diferenciales del modelo frente a los demás: tecnologías incluidas, software, autonomía, robustez y garantía."
Ficha del producto,"Enlace directo a la página oficial FOTRIC del modelo. Haga clic para ver fotos, video y ficha completa."
,
RECOMENDACIÓN RÁPIDA SEGÚN NECESIDAD,
Si usted necesita…,Modelo sugerido
"La opción más económica y portátil, usando su propio celular Android",FOTRIC TP320A
Un equipo autónomo para mantenimiento eléctrico y HVAC del día a día,FOTRIC TK5
Más resolución y trabajo de precisión en electrónica/PCBA (enfoca a 10 cm),FOTRIC TK6
"Captura rápida sin enfocar, campo de visión amplio y mejor cámara visual",FOTRIC TK7
"Máxima precisión, inspección a distancia (hasta 50 m) y software avanzado",FOTRIC TK8
,
"Notas: Precios y especificaciones tomados del sitio oficial global.fotric.com y sujetos a cambio sin previo aviso. Los precios no incluyen impuestos, envío ni gastos de importación. Disponibilidad y tiempos de entrega a confirmar al momento del pedido.",
